classification,total_cells,total_children_population,total_poor_children,avg_poverty_rate,cells_with_poor_children,potentially_impacted_poor_children_34kt,potentially_impacted_poor_children_50kt,potentially_impacted_poor_children_64kt
Rural,1976,411510.1395701582,142571.92880369915,0.46636441584029203,1976,52873,5524,1409
Urban,150,248418.70322191715,56929.171507922365,0.25088253873975874,150,21395,3181,568
KMA,98,185885.27636106312,64255.87301119472,0.4234952404106783,98,14164,47,0
