classification,target_poor_children,cells_selected,children_pop_covered,poor_children_covered,coverage_pct,avg_rwi,min_rwi,max_rwi,total_tiles_in_classification,parishes_represented,potentially_impacted_poor_children_34kt,potentially_impacted_poor_children_50kt,potentially_impacted_poor_children_64kt
KMA,47090.3120850566,56,50963.42094929516,50963.42094929516,108.22485282586956,0.3227678571428571,-0.68,0.948,72,1,11319,105,0
Urban,54869.20274683115,47,55747.65786612034,55747.65786612034,101.60099851157382,0.3943191489361703,-0.14,0.574,142,12,19313,1687,441
Rural,124874.25350788284,1032,125015.72321396717,125015.72321396717,100.11328973115776,-0.1480358527131783,-0.852,0.072,1698,12,46649,4979,1196
