Region,Method,Target_Error,Target_Error_Pct,Quintile_RMSE,Scale_Factor
Rural,Sigmoid,6.446727742702933,0.0045217370605816366,0.03707468614721277,1.1738082187709697
Rural,Monotonic PCHIP,2.697809438686818,0.0018922444700887144,0.0,1.2036986110250845
Rural,Akima Interpolation,39.9989901833178,0.028055305500138517,0.0,1.1979863961261839
Urban,Sigmoid,7.275957614183426e-12,1.2780719306921391e-14,0.02794593153285862,0.9917554228248818
Urban,Monotonic PCHIP,7.275957614183426e-12,1.2780719306921391e-14,0.0,0.981820553212188
Urban,Akima Interpolation,7.275957614183426e-12,1.2780719306921391e-14,0.0,0.9829418476193302
KMA,Sigmoid,7.275957614183426e-12,1.1323412589718923e-14,0.025061331863780414,0.9720216465776415
KMA,Monotonic PCHIP,2.1827872842550278e-11,3.3970237769156764e-14,0.0,0.9686805374754729
KMA,Akima Interpolation,1.4551915228366852e-11,2.2646825179437846e-14,0.0,0.9626909725858238
