classification,target_poor_children,cells_selected,children_pop_covered,poor_children_covered,coverage_pct,avg_rwi,min_rwi,max_rwi,total_tiles_in_classification,parishes_represented,potentially_impacted_poor_children_34kt,potentially_impacted_poor_children_50kt,potentially_impacted_poor_children_64kt
KMA,64255.873011194715,73,65004.09902150929,65004.09902150929,101.16444766096978,0.25543835616438354,-0.68,0.859,98,2,14360,102,0
Urban,56929.17150792237,49,57164.86479628086,57164.86479628086,100.41401144986924,0.3986938775510204,-0.14,0.574,150,12,19765,1937,393
Rural,142571.92880369924,1209,142839.2710747535,142839.2710747535,100.18751396105634,-0.15117369727047147,-1.037,0.059,1976,12,52060,5070,1398
